frame	donor_idx	hydrogen_idx	acceptor_idx	distance	angle
1.0	11652.0	11654.0	2801.0	2.681824970170194	164.54994479650156
2.0	11652.0	11653.0	2789.0	2.731389027144271	153.38565459177596
4.0	11652.0	11654.0	2801.0	2.724555888919981	153.06945237368112
5.0	11652.0	11654.0	2786.0	2.8006817216198354	150.8805763553654
9.0	11652.0	11653.0	2786.0	2.7608625165377707	151.38835482235925
10.0	11652.0	11653.0	2786.0	2.847557902689568	167.2861583244192
12.0	11652.0	11654.0	2786.0	2.801466119797431	153.22094722824332
13.0	11652.0	11654.0	2786.0	2.827856535239049	155.83488158268963
15.0	11652.0	11655.0	2801.0	2.9819280242509714	156.47772278477137
17.0	11652.0	11655.0	2786.0	2.6900143140280655	170.8376047061956
20.0	11652.0	11655.0	2786.0	2.8893247334952665	163.1332324949011
21.0	11652.0	11653.0	2786.0	2.642221501900387	154.59051488809473
21.0	11680.0	11681.0	9562.0	2.891187257617869	155.51965511366492
24.0	11652.0	11653.0	2786.0	2.699654765480417	154.74815769752098
24.0	11652.0	11654.0	2801.0	2.8803638656471238	154.24297597993984
25.0	11652.0	11653.0	2786.0	2.6326072913536023	153.1988216403763
26.0	11652.0	11654.0	2801.0	2.748288481817516	158.74162574172848
27.0	11652.0	11653.0	2786.0	2.8925685502410157	158.54780734240995
27.0	11652.0	11654.0	2801.0	2.73399759177333	154.74425832403855
28.0	11652.0	11653.0	2786.0	2.713740559263594	156.23001225955943
29.0	11652.0	11653.0	2786.0	2.905072312518355	160.46890190638496
29.0	11652.0	11654.0	2801.0	2.683229613377093	154.6767570313792
31.0	11652.0	11655.0	2786.0	2.946822514887532	158.0586783375714
32.0	11652.0	11655.0	2786.0	2.677828374331151	151.56176408899898
33.0	11652.0	11653.0	2801.0	2.840618591646047	156.1425095113621
34.0	11652.0	11653.0	2801.0	2.642996706353864	159.5933950457793
35.0	11652.0	11655.0	2786.0	2.819854486605417	153.8304647520799
36.0	11652.0	11653.0	2786.0	2.942127037963601	154.48230461959
37.0	11652.0	11653.0	2786.0	2.9756780080203016	165.96407243315818
37.0	11652.0	11654.0	2801.0	2.6167258587485445	173.54691409300278
38.0	11652.0	11653.0	2786.0	2.763518312685322	157.83308185925628
38.0	11652.0	11654.0	2801.0	2.753720255726426	156.909810071861
39.0	11652.0	11653.0	2786.0	2.6382272134954015	151.81953346960591
39.0	11652.0	11654.0	2801.0	2.652271644278722	155.53777505841964
40.0	11652.0	11654.0	2801.0	2.830663087951861	160.0833305238807
42.0	11652.0	11654.0	2786.0	2.8675630046290665	153.8081055553323
43.0	11652.0	11654.0	2786.0	2.7947117439108324	157.78563435046695
43.0	11652.0	11655.0	2801.0	2.7377906190083494	165.76570800019365
44.0	11652.0	11655.0	2801.0	2.641857679916145	152.98199498473159
45.0	11652.0	11654.0	2786.0	2.7281741405782203	163.29889166398618
46.0	11652.0	11654.0	2786.0	2.841280261057096	159.5680446504733
46.0	11652.0	11655.0	2801.0	2.7316702897915923	155.85580263069613
47.0	11652.0	11654.0	2786.0	2.8944692636654255	150.68164044084267
47.0	11656.0	11657.0	10083.0	2.9035986347993274	164.9092597509394
49.0	11652.0	11655.0	2786.0	2.8278650186102516	153.7046762472584
50.0	11652.0	11653.0	2786.0	2.6476773822738697	159.0298120951027
51.0	11652.0	11654.0	2786.0	2.8173069158685973	151.13025279161587
54.0	11652.0	11655.0	2786.0	2.8005353522689074	152.86573445289676
55.0	11652.0	11653.0	2786.0	2.7215115167307937	152.99610618096546
57.0	11652.0	11655.0	2786.0	2.865195492469425	165.2655053320855
58.0	11652.0	11653.0	2801.0	2.7929079348777415	158.5925322091964
59.0	11652.0	11653.0	2786.0	2.8377121778381658	165.90546064094616
59.0	11652.0	11654.0	2801.0	2.9111097069881766	169.11217176036456
70.0	11652.0	11654.0	2786.0	2.83345627062658	167.85448033582225
70.0	11652.0	11655.0	2801.0	2.9130386790580367	151.55166819633212
72.0	11652.0	11655.0	2786.0	2.836446748745455	161.09969345205565
73.0	11652.0	11655.0	2786.0	2.7379853674146837	170.915622375128
74.0	11652.0	11655.0	2801.0	2.8026346943083196	161.1957908828815
76.0	11652.0	11653.0	2802.0	2.8711366248264514	156.47962173767183
78.0	11652.0	11654.0	2786.0	2.810491671861008	151.57848043299435
80.0	11652.0	11654.0	2801.0	2.700970932429851	163.08430886528734
82.0	11652.0	11653.0	2801.0	2.845090412466543	154.834109182456
85.0	11677.0	11679.0	10026.0	2.9808245376122464	152.66853837826622
86.0	11652.0	11653.0	2801.0	2.8072094205663167	157.32879854602936
87.0	11652.0	11653.0	2801.0	2.685746223195326	164.7819611417895
89.0	11652.0	11653.0	2801.0	2.7614712325334665	155.10728987690544
91.0	11652.0	11653.0	2801.0	2.8607662820126714	157.52294415061485
93.0	11652.0	11655.0	2801.0	2.7718437187898544	156.4121922746138
97.0	11652.0	11655.0	2786.0	2.8899253640763716	157.68525389605892
98.0	11652.0	11653.0	2786.0	2.779346753529725	150.5808206831787
99.0	11652.0	11653.0	2786.0	2.8571003361351948	160.97393818358398
100.0	11652.0	11653.0	2786.0	2.9652102042096358	156.4726492024658
101.0	11652.0	11653.0	2786.0	2.8512491593876343	151.11593065803467
102.0	11652.0	11653.0	2801.0	2.7581727416188544	165.8732467779057
103.0	11652.0	11655.0	2786.0	2.929147649433438	154.1436316141341
104.0	11652.0	11655.0	2786.0	2.791830686465001	163.3955960101421
105.0	11652.0	11653.0	2802.0	2.8164961869430605	165.59785183277725
107.0	11652.0	11655.0	2786.0	2.7347964420262763	159.81170161466085
108.0	11652.0	11654.0	2786.0	2.862567372531443	167.1029337452355
108.0	11652.0	11655.0	2801.0	2.714515690798207	161.04339614429406
108.0	11656.0	11657.0	10081.0	2.953242564226989	150.55095490850232
109.0	11652.0	11653.0	2801.0	2.9329823749402086	153.6583896718839
116.0	11652.0	11653.0	2787.0	2.6772763041904937	159.66033267225012
117.0	11652.0	11653.0	2801.0	2.5935986683716226	152.346133045917
117.0	11652.0	11655.0	2787.0	2.7772740830041736	162.64924608913776
118.0	11652.0	11654.0	2787.0	2.8904123025244455	150.55171882069507
120.0	11652.0	11653.0	2787.0	2.831628601630202	153.9894838874215
124.0	11652.0	11653.0	2801.0	2.741213722770868	150.48185093874767
130.0	11652.0	11655.0	2787.0	2.894527730792532	154.4547471877909
131.0	11652.0	11654.0	2787.0	2.889222003800685	172.40174159372904
133.0	11652.0	11654.0	2787.0	2.8771277023197857	155.6826310823362
383.0	11700.0	11702.0	8461.0	2.992046137908795	162.9540580316911
459.0	11652.0	11654.0	2786.0	2.7841274427285416	154.20413279692409
462.0	11693.0	11694.0	7022.0	2.9816313041494142	155.17289405195305
489.0	11693.0	11695.0	7025.0	2.9690977324844057	155.88584857017395
614.0	11700.0	11702.0	8461.0	2.9405333103335827	154.43415541683697
1052.0	11652.0	11653.0	2786.0	2.992531662484257	159.7627048608822
1146.0	11697.0	11698.0	6762.0	2.8924527973138394	150.80616677859186
1157.0	11700.0	11703.0	8412.0	2.965883771399213	151.75418431430214
1209.0	11652.0	11654.0	5997.0	2.844609614990191	174.45758861759913
1210.0	11652.0	11653.0	5997.0	2.784319297724702	155.51186335981782
1382.0	11652.0	11653.0	2787.0	2.7540645503404892	162.6612239964944
1384.0	11652.0	11653.0	2787.0	2.8374972488021366	156.49076802354188
1385.0	11652.0	11653.0	2787.0	2.9433268892535613	157.24359011926728
1398.0	11652.0	11655.0	2787.0	2.724056200946784	171.64777576946122
1399.0	11652.0	11654.0	2787.0	2.792866853388798	152.72799175793972
1422.0	11652.0	11655.0	2786.0	2.664927873596443	157.4324352924537
1424.0	11652.0	11654.0	2786.0	2.903837076136328	153.8532675697108
1426.0	11700.0	11703.0	1470.0	2.9760221997938725	164.68156548355722
1429.0	11700.0	11701.0	1472.0	2.9263582097674417	150.42633104976397
1458.0	11652.0	11653.0	2786.0	2.6973483901745143	163.18139919966086
1459.0	11652.0	11655.0	2786.0	2.86921722205262	151.96996984356497
1464.0	11652.0	11653.0	2787.0	2.801036964206875	155.81705908721182
1466.0	11652.0	11653.0	2787.0	2.671130521351853	170.7040395407287
1467.0	11652.0	11654.0	2787.0	2.6569360158444417	165.97550501948987
1491.0	11652.0	11653.0	2786.0	2.696722175280059	153.1753958400805
1502.0	11652.0	11654.0	2786.0	2.9284622386689785	154.24664467834057
1505.0	11652.0	11655.0	2786.0	2.8145666978906903	157.8586297245926
1507.0	11652.0	11654.0	2786.0	2.7829060862376536	151.52227276492385
1508.0	11652.0	11654.0	2786.0	2.862377097752485	151.81927000172917
1510.0	11652.0	11653.0	2787.0	2.7224228900411047	165.17658102199965
1511.0	11652.0	11655.0	2787.0	2.767979565191722	154.45830189992873
1512.0	11652.0	11653.0	2849.0	2.91494546781987	155.00190167058048
1513.0	11652.0	11655.0	2787.0	2.8938432920463324	173.87694430797367
1514.0	11652.0	11653.0	2787.0	2.943078234990585	155.77735946736627
1515.0	11652.0	11653.0	2787.0	2.827336628823167	152.88881344916865
1516.0	11652.0	11653.0	2787.0	2.7016538782943518	160.2673049373656
1517.0	11652.0	11653.0	2787.0	2.8949663576329923	159.593212359144
1520.0	11652.0	11655.0	2787.0	2.7791079347287537	161.1990536250678
1523.0	11652.0	11654.0	2787.0	2.6842472812605442	162.26399783802563
1528.0	11652.0	11654.0	2787.0	2.8588282688859885	173.65926596950595
1529.0	11652.0	11655.0	2787.0	2.8282079997369416	150.53962847139522
1530.0	11652.0	11653.0	2787.0	2.9829046176937464	177.53898984748474
1531.0	11652.0	11654.0	2787.0	2.6856856729120797	153.37708962160545
1531.0	11693.0	11696.0	1391.0	2.9831407591753134	164.52564259635287
1532.0	11652.0	11655.0	2787.0	2.670169843431781	165.71187646379448
1538.0	11652.0	11653.0	2787.0	2.9163435950920995	152.4684226202502
1539.0	11652.0	11653.0	2786.0	2.7421656270883523	153.48224303529472
1541.0	11652.0	11655.0	2786.0	2.7246866811782966	152.09065407215988
1542.0	11652.0	11655.0	2786.0	2.871711084955807	158.59860632722476
1548.0	11652.0	11653.0	2787.0	2.739552016587908	151.85009109103595
1549.0	11652.0	11655.0	2848.0	2.8519071758457533	164.1159756644158
1551.0	11652.0	11653.0	2787.0	2.7597172733376305	162.1268037025773
1554.0	11652.0	11653.0	2787.0	2.8238498679342077	152.62029190740645
1555.0	11652.0	11654.0	2787.0	2.6300684341879097	172.89549609305527
1558.0	11652.0	11655.0	2787.0	2.874151860544212	158.4599188078831
1562.0	11652.0	11653.0	2787.0	2.815594477658124	155.89515259043276
1567.0	11652.0	11654.0	2787.0	2.823644633986964	150.72346816841184
1570.0	11652.0	11655.0	2787.0	2.984304072177596	160.14688765164067
1571.0	11652.0	11653.0	2787.0	2.8941653669948733	157.96813983399247
1573.0	11652.0	11655.0	2787.0	2.850591871096394	167.712844023527
1576.0	11652.0	11655.0	2787.0	2.6884515360998003	158.3173342919585
1578.0	11652.0	11654.0	2787.0	2.8258852616680743	150.41118161592763
1579.0	11652.0	11655.0	2787.0	2.9158760917543654	175.85583483532218
1580.0	11652.0	11655.0	2787.0	2.9132506602294073	156.72515160567414
1582.0	11652.0	11655.0	2787.0	2.653724492089567	160.4968444682969
1583.0	11652.0	11655.0	2787.0	2.7276871913025604	170.94385017291927
1585.0	11652.0	11654.0	2787.0	2.8965139694617728	155.60337973709528
1585.0	11680.0	11682.0	1442.0	2.9582041048352057	161.2602940775405
1586.0	11652.0	11654.0	2787.0	2.742993048008589	154.61208509378798
1589.0	11652.0	11655.0	2787.0	2.9459324188519265	161.78735006884244
1590.0	11652.0	11653.0	2787.0	2.7228141101077825	170.24212377688895
1590.0	11687.0	11688.0	1459.0	2.9659847550511977	168.7589158653729
1591.0	11652.0	11653.0	2849.0	2.7051188531523613	158.14623309341417
1591.0	11687.0	11688.0	1459.0	2.9317051971927373	171.72307015151972
1592.0	11652.0	11653.0	2787.0	2.9067902474900196	157.387596974738
1592.0	11687.0	11688.0	1459.0	2.9453812256288012	171.0698888305734
1593.0	11652.0	11653.0	2787.0	2.756023084348168	164.38984810197735
1594.0	11652.0	11654.0	2786.0	2.7161638496004463	160.44717457114254
1594.0	11687.0	11688.0	1459.0	2.937234956480319	166.21495315793248
1595.0	11652.0	11655.0	2787.0	2.994091570660789	176.2337247001039
1596.0	11687.0	11688.0	1459.0	2.8735761217847067	157.17636774482344
1598.0	11652.0	11653.0	2787.0	2.956094683034001	167.40139389011213
1599.0	11687.0	11688.0	1459.0	2.968873202187848	160.29213679568508
1601.0	11687.0	11688.0	1459.0	2.980931853831738	162.62497659372283
1602.0	11652.0	11654.0	2787.0	2.7336412625745297	164.02795294556273
1603.0	11687.0	11688.0	1459.0	2.788927250570326	154.72992129092108
1604.0	11687.0	11688.0	1459.0	2.858896708058717	164.8311176171602
1606.0	11652.0	11655.0	2787.0	2.8404077892981165	160.10328265616926
1607.0	11652.0	11654.0	2787.0	2.88487991526281	173.70902416100864
1608.0	11652.0	11654.0	2787.0	2.856903776174748	155.843107916943
1609.0	11652.0	11654.0	2787.0	2.7283454904103728	154.54584462492681
1611.0	11697.0	11698.0	1463.0	2.967529920379729	157.60008533724098
1614.0	11652.0	11653.0	2787.0	2.7929211592532504	164.45275093267054
1616.0	11652.0	11655.0	2786.0	2.9995999544125937	156.22416916598502
1619.0	11652.0	11655.0	2787.0	2.8207845342713855	158.4504928690693
1619.0	11687.0	11688.0	1459.0	2.8608797987385977	159.4751928502067
1622.0	11652.0	11653.0	2787.0	2.873926121766096	150.98714933520128
1623.0	11652.0	11655.0	2787.0	2.8242150189106234	163.48187496365185
1627.0	11652.0	11653.0	2787.0	2.7729115813074596	154.64284865618293
1629.0	11652.0	11655.0	2786.0	2.8224273649758094	178.19535313700362
1629.0	11687.0	11688.0	1459.0	2.851568516118051	172.38598957871335
1631.0	11687.0	11688.0	1459.0	2.95844418259963	167.33534955737642
1633.0	11652.0	11655.0	2787.0	2.932498327668618	160.22399317483374
1635.0	11687.0	11688.0	1459.0	2.876155584189467	152.58751372283194
1636.0	11652.0	11653.0	2787.0	2.8467239056444207	157.93502783006684
1638.0	11652.0	11653.0	2787.0	2.6566198321274057	160.6144041764686
1640.0	11652.0	11655.0	2787.0	2.818015061252195	154.9987528043699
1645.0	11652.0	11655.0	2787.0	2.8121592950128917	172.09976401388383
1647.0	11652.0	11655.0	2787.0	2.786561258216769	170.15798304138357
1651.0	11652.0	11655.0	2786.0	2.8034378791999814	151.8165265132718
1651.0	11687.0	11688.0	1459.0	2.9588688708182773	154.627781786276
1652.0	11652.0	11654.0	2786.0	2.7679410716093305	150.40653777527604
1653.0	11652.0	11653.0	2787.0	2.990668831988053	158.34402916844277
1655.0	11652.0	11654.0	2787.0	2.7220322602223037	151.0163853800215
1656.0	11652.0	11653.0	2786.0	2.837935247504457	172.640574839188
1658.0	11652.0	11655.0	2787.0	2.847816564990598	150.27811734060583
1662.0	11687.0	11688.0	1459.0	2.938349120175002	159.01892817952947
1667.0	11652.0	11655.0	2787.0	2.846763893030877	157.76173308426831
1670.0	11652.0	11653.0	2787.0	2.674164809727951	154.4392996557063
1672.0	11652.0	11654.0	2787.0	2.830597150713007	168.53749266473923
1673.0	11652.0	11654.0	2787.0	2.6272143595844115	161.96089023680497
1676.0	11652.0	11655.0	2787.0	2.7481715295577245	150.61236939191306
1679.0	11652.0	11654.0	2787.0	2.7577941067900715	152.15672276461666
1681.0	11652.0	11655.0	2786.0	2.81632236064088	156.29635013887855
1684.0	11652.0	11653.0	2787.0	2.89493733076655	154.63202135418007
1685.0	11687.0	11688.0	1459.0	2.997927814864956	164.67299594230306
1686.0	11652.0	11653.0	2787.0	2.606093442477632	158.9558805782834
1687.0	11652.0	11654.0	2786.0	2.9658138378427163	155.79968082086114
1688.0	11652.0	11654.0	2787.0	2.874008075513644	159.85593356380903
1693.0	11652.0	11655.0	2787.0	2.743589596311195	152.45084798856035
1694.0	11652.0	11655.0	2787.0	2.684419041637045	156.66638842959225
1697.0	11652.0	11653.0	2787.0	2.7270355509187127	163.62182696669532
1698.0	11652.0	11655.0	2787.0	2.7058916209410135	151.06827944641196
1699.0	11652.0	11654.0	2787.0	2.7524728513535086	156.57939152504974
1701.0	11652.0	11653.0	2787.0	2.7414815095655722	150.54068437088205
1703.0	11652.0	11655.0	2787.0	2.8181587048436922	154.38366879409816
1705.0	11652.0	11655.0	2787.0	2.691075849765264	157.287290144622
1707.0	11687.0	11688.0	1459.0	2.852836428808563	160.78976818165785
1708.0	11652.0	11653.0	2786.0	2.9768586261587586	151.20999048235822
1709.0	11652.0	11653.0	2787.0	2.772266223390529	150.4357326521881
1710.0	11652.0	11654.0	2787.0	2.834048781548945	151.2759870626328
1712.0	11652.0	11653.0	2787.0	2.8450219659440235	157.84868358860365
1714.0	11652.0	11655.0	2786.0	2.7820220896968286	154.7715698399139
1720.0	11652.0	11653.0	2787.0	2.707518731814005	158.17876965710474
1721.0	11652.0	11653.0	2787.0	2.7100635954302428	172.91060213150138
1725.0	11652.0	11653.0	2787.0	2.720742815654179	158.95225936790501
1729.0	11652.0	11655.0	2787.0	2.8524429638896	152.5982328309932
1732.0	11652.0	11655.0	2787.0	2.654808800094263	160.03920221969463
1734.0	11652.0	11655.0	2787.0	2.688057552131203	154.25028424091255
1735.0	11652.0	11654.0	2787.0	2.950305534320495	162.93654301318557
1737.0	11652.0	11654.0	2787.0	2.9132755567073	154.7369091960925
1738.0	11652.0	11654.0	2787.0	2.8070044184322027	174.39206166374174
1739.0	11652.0	11653.0	2786.0	2.718304945218802	152.62468423856674
1740.0	11652.0	11653.0	2787.0	2.7430608721530416	174.35680801080113
1740.0	11652.0	11655.0	2848.0	2.9029589782590026	155.94324668813363
1741.0	11652.0	11653.0	2787.0	2.7982297725056817	152.23514936622107
1744.0	11652.0	11653.0	2787.0	2.851659387574407	158.92710654685547
1744.0	11652.0	11655.0	2848.0	2.9142031732190423	159.9755503696101
1745.0	11652.0	11654.0	2848.0	2.920967227526965	153.19185236409993
1748.0	11652.0	11653.0	2848.0	2.8459638809656393	154.40063522428284
1748.0	11652.0	11654.0	2787.0	2.694486695316177	155.35057194988
1750.0	11652.0	11653.0	2848.0	2.82094647976974	159.30282023105957
1750.0	11652.0	11654.0	2786.0	2.7845924583559083	162.21899039184277
1751.0	11652.0	11655.0	2786.0	2.7675747142987697	156.56126229020347
1753.0	11652.0	11655.0	2787.0	2.679342473975028	154.57024661889523
1754.0	11652.0	11653.0	2848.0	2.7912747300939365	152.2746438257781
1755.0	11652.0	11654.0	2786.0	2.7221599208334344	153.18549495517215
1756.0	11652.0	11655.0	2848.0	2.9525373231258873	158.87729128479106
1757.0	11652.0	11653.0	2786.0	2.6682676249450923	155.4287473506479
1757.0	11652.0	11653.0	2785.0	2.9694263294834964	158.6968235444006
1757.0	11652.0	11655.0	2848.0	2.8118930179130905	156.2117333660942
1760.0	11652.0	11654.0	2786.0	2.895593625796975	163.86376398080992
1761.0	11652.0	11655.0	2786.0	2.8008751414144637	153.87460111558423
1763.0	11652.0	11653.0	2786.0	2.7179044655178517	156.89432981633155
1764.0	11652.0	11654.0	2786.0	2.6771933299358595	163.2649588362052
1765.0	11652.0	11655.0	2786.0	2.8011362321137088	151.49890139517015
1766.0	11652.0	11655.0	2787.0	2.944835688932934	152.09199180346312
1767.0	11652.0	11654.0	2787.0	2.942934787299155	163.10199296908067
1769.0	11652.0	11653.0	2787.0	2.8106974100298285	177.98950109955305
1770.0	11652.0	11653.0	2787.0	2.781895388923617	170.82528678536494
1771.0	11652.0	11653.0	2787.0	2.9558255862721428	158.75610941164854
1772.0	11652.0	11653.0	2787.0	2.851980147406933	161.65339409832157
1773.0	11652.0	11653.0	2787.0	2.8216629142294707	172.85141312360577
1774.0	11652.0	11653.0	2787.0	2.7490445141112434	152.94601536112782
1775.0	11652.0	11653.0	2787.0	2.6615919786544793	168.742191557588
1776.0	11652.0	11653.0	2787.0	2.7997861290869186	165.86051011948197
1777.0	11652.0	11655.0	2787.0	2.894193107042481	151.8340392930302
1779.0	11652.0	11655.0	2786.0	2.764716991031727	173.52406964548913
1781.0	11652.0	11654.0	2787.0	2.7774589704773955	154.528771070583
1782.0	11652.0	11654.0	2787.0	2.7005853287670747	150.1105857926296
1783.0	11652.0	11655.0	2787.0	2.9171538755189546	150.64759042702423
1788.0	11652.0	11655.0	2787.0	2.895735322117496	159.83385799651708
1789.0	11687.0	11688.0	1459.0	2.9520006621997354	169.89990954397135
1792.0	11687.0	11688.0	1459.0	2.954397185418736	172.28975477720266
1793.0	11652.0	11653.0	2787.0	2.664547812553107	161.08851526618307
1795.0	11652.0	11653.0	2787.0	2.9232284013118934	156.5081739809072
1797.0	11652.0	11654.0	2787.0	2.921946360814438	166.19756704490908
1801.0	11652.0	11654.0	2787.0	2.99096622413566	157.40701856996264
1804.0	11652.0	11654.0	2787.0	2.7692743954013115	171.71802878230895
1806.0	11652.0	11654.0	2848.0	2.809977031934415	155.65469660184596
1806.0	11652.0	11655.0	2785.0	2.9817177148410927	161.2544337752636
1807.0	11652.0	11655.0	2787.0	2.742631256470966	157.6189365858087
1808.0	11652.0	11655.0	2848.0	2.9539863648322444	151.39880256850364
1809.0	11652.0	11654.0	2787.0	2.748880893872619	164.6718044259891
1811.0	11652.0	11653.0	2786.0	2.696288520736685	154.12934861383167
1813.0	11652.0	11655.0	2848.0	2.9310913280279696	154.49666720585668
1815.0	11652.0	11653.0	2787.0	2.9368718066907924	157.29507187472495
1816.0	11652.0	11654.0	2848.0	2.8549339189702234	161.3611574574233
1816.0	11652.0	11655.0	2787.0	2.7520185697674995	162.23442323687476
1819.0	11652.0	11655.0	2786.0	2.9049529485607484	158.61246917487543
1822.0	11652.0	11653.0	2786.0	2.911034412468659	164.58965158655647
1823.0	11652.0	11654.0	2786.0	2.8635646213061383	165.08567290591316
1828.0	11652.0	11655.0	2786.0	2.8937275729950653	150.90680572915053
1830.0	11652.0	11653.0	2786.0	2.685179777690859	157.90754950204501
1831.0	11652.0	11653.0	2786.0	2.79186831753633	151.78852861142045
1833.0	11700.0	11703.0	1391.0	2.9795830371760332	162.278497197792
1848.0	11700.0	11702.0	1439.0	2.925912360064443	151.07069344976836
1854.0	11652.0	11655.0	2786.0	2.8200241889763684	152.00897344096146
1855.0	11652.0	11653.0	2786.0	2.930122366963599	165.8303915800894
1857.0	11652.0	11655.0	2786.0	2.7605044407348567	156.8280888877918
1858.0	11652.0	11653.0	2786.0	2.7342476043682735	157.37951484182835
1860.0	11652.0	11653.0	2786.0	2.7825955801781466	167.6798893303471
1861.0	11652.0	11655.0	2786.0	2.870241665770188	162.3604880168216
1879.0	11652.0	11655.0	2786.0	2.8960000508736345	154.03023519305398
1879.0	11674.0	11676.0	9548.0	2.9799746340204134	156.10451788549597
1881.0	11652.0	11655.0	2786.0	2.9240858380966444	155.65401366530904
1921.0	11652.0	11654.0	2787.0	2.834536772598029	164.7956184117481
1923.0	11652.0	11654.0	2787.0	2.8482319341298594	166.70392370035827
1925.0	11652.0	11654.0	2787.0	2.8366982018885043	156.54025045130408
1926.0	11652.0	11654.0	2787.0	2.8894193420352865	153.10241008354592
1927.0	11652.0	11654.0	2787.0	2.7630641203001858	168.38795707984335
1929.0	11652.0	11654.0	2787.0	2.939896805820541	170.97161897608697
1932.0	11652.0	11654.0	2787.0	2.79426487964187	160.63782666757092
1952.0	11652.0	11655.0	2787.0	2.678988543607295	169.31827610487503
1962.0	11652.0	11653.0	2787.0	2.8028967692195175	159.93130966896507
1965.0	11652.0	11653.0	2787.0	2.7157169283173292	156.42681075249342
1966.0	11652.0	11653.0	2787.0	2.8878651221001608	172.98857873683082
1970.0	11652.0	11653.0	2787.0	2.834809523083557	155.11823779272368
1971.0	11652.0	11654.0	2787.0	2.7381871660921817	153.56246055764365
2015.0	11652.0	11654.0	2787.0	2.822024958801808	170.18319156191097
2051.0	11652.0	11655.0	2787.0	2.7863681376034157	157.46106822782892
2053.0	11652.0	11655.0	2787.0	2.7716835529377963	156.40430323802713
2059.0	11652.0	11653.0	2787.0	2.744991632302864	151.65099411692668
2060.0	11652.0	11654.0	2787.0	2.8180861585830526	156.87896444825768
2096.0	11667.0	11670.0	8331.0	2.9027785055749624	151.41915297832722
2099.0	11667.0	11669.0	8331.0	2.8635604275494613	164.6204615063044
2105.0	11652.0	11654.0	2787.0	2.7204739356746988	158.55468666146518
2108.0	11652.0	11653.0	2787.0	2.786433223775399	159.9170019094611
2312.0	11667.0	11669.0	8361.0	2.9857118828507883	152.04778383162008
2446.0	11691.0	11692.0	11344.0	2.968582453809521	159.98802461450586
2507.0	11680.0	11682.0	11416.0	2.974645762895127	161.10153491724978
2578.0	11700.0	11702.0	11279.0	2.953360223811866	152.32356817238306
2595.0	11700.0	11701.0	11279.0	2.9657260256217035	157.17930367963973
2661.0	11683.0	11684.0	11416.0	2.9699594303102423	158.52152524134087
2677.0	11652.0	11655.0	11256.0	2.9232354609976112	154.96678673161992
2684.0	11652.0	11655.0	11230.0	2.743883533580043	157.09742650353832
2685.0	11652.0	11654.0	11275.0	2.8577539597163653	158.68225265010926
2685.0	11652.0	11655.0	11230.0	2.8411817060106044	153.44974834786433
2686.0	11652.0	11655.0	11230.0	2.8751303870653926	175.25488472722117
2687.0	11652.0	11655.0	11275.0	2.891111736584799	151.88813185359604
2693.0	11652.0	11653.0	11229.0	2.7641774699763144	159.13203552651387
2693.0	11652.0	11655.0	11256.0	2.994018148735783	152.71420308312003
2695.0	11652.0	11653.0	11275.0	2.8309449056256306	152.48680971685943
2695.0	11652.0	11654.0	11229.0	2.8655707046669283	156.10334668719645
2696.0	11652.0	11654.0	11230.0	2.7683995737307288	157.95345286255903
2697.0	11652.0	11653.0	11230.0	2.806499396528867	172.36092927246557
2715.0	11680.0	11681.0	11416.0	2.707840853716799	155.8242946346042
2750.0	11700.0	11701.0	9536.0	2.9962925609376247	151.75595418946355
2821.0	11674.0	11676.0	11254.0	2.9627203159919056	155.38145552135816
2936.0	11652.0	11654.0	11229.0	2.7182677693454482	158.97726575301047
2940.0	11652.0	11653.0	11229.0	2.850715391104024	162.06764726868053
2947.0	11652.0	11655.0	11229.0	2.7796114683986404	162.3549959643204
2952.0	11652.0	11654.0	11229.0	2.7007829883668797	160.41523770729236
2963.0	11652.0	11654.0	11275.0	2.940788529744369	168.77254327234104
2964.0	11652.0	11655.0	11275.0	2.773584620349892	166.43293273780435
2966.0	11652.0	11653.0	11275.0	2.944327150601416	155.01889292596604
2968.0	11652.0	11653.0	11275.0	2.7069413514500775	150.30903783198536
2973.0	11652.0	11654.0	11275.0	2.721243010140346	160.32559775142482
2974.0	11652.0	11655.0	11275.0	2.8771851918810203	154.65741778036218
2976.0	11652.0	11653.0	11275.0	2.759028221486682	161.75522571142474
2977.0	11652.0	11654.0	11275.0	2.76129692224983	162.6471465139832
2979.0	11652.0	11654.0	11275.0	2.8108261998743918	159.3837965211853
2980.0	11652.0	11654.0	11275.0	2.7778894511693135	169.61031166462237
2981.0	11652.0	11654.0	11275.0	2.766985016983574	154.25313988462568
2988.0	11652.0	11655.0	11275.0	2.930419912564102	165.91449362411376
2990.0	11652.0	11653.0	11275.0	2.8654728848214397	154.34228346665284
2991.0	11652.0	11653.0	11275.0	2.8881005835212568	152.55989514004455
3001.0	11652.0	11655.0	11275.0	2.7668621457961877	157.78685585825326
3004.0	11652.0	11654.0	11275.0	2.922262309802577	156.31067109961643
3009.0	11652.0	11654.0	11275.0	2.5970515422473954	151.13132410898302
3019.0	11652.0	11654.0	11275.0	2.678574109731641	152.8583933606663
3020.0	11652.0	11655.0	11256.0	2.827950481953238	165.10152109182
3021.0	11652.0	11653.0	11229.0	2.8623319383657706	162.032268042743
3023.0	11652.0	11655.0	11275.0	2.9688162684691033	170.04550589565247
3026.0	11652.0	11654.0	11275.0	2.801892455248392	163.33307455831613
3088.0	11680.0	11682.0	11416.0	2.8765653591444402	177.8785402780908
3259.0	11652.0	11655.0	1435.0	2.6744813128879477	152.12450208031692
3261.0	11652.0	11653.0	1435.0	2.8964342074350613	154.1945718258847
3264.0	11687.0	11688.0	1459.0	2.951770720898799	169.549785513106
3265.0	11652.0	11653.0	1435.0	2.6705836950464685	155.11425127587657
3265.0	11687.0	11688.0	1459.0	2.9720743913775522	161.72290264724697
3275.0	11687.0	11688.0	1459.0	2.969648331387634	168.2753340487901
3277.0	11687.0	11688.0	1459.0	2.9169628834610406	173.67250055452828
3280.0	11687.0	11688.0	1459.0	2.878248091139021	170.75292980772548
3283.0	11687.0	11688.0	1459.0	2.9067121647187655	156.50791944852477
3284.0	11687.0	11688.0	1459.0	2.9788356722257383	163.1593762431609
3286.0	11687.0	11688.0	1459.0	2.7946015821891974	169.24571267758398
3297.0	11687.0	11688.0	1459.0	2.8887210049020484	177.1749025985102
3299.0	11687.0	11688.0	1459.0	2.979879746236663	171.90510088915443
3306.0	11687.0	11688.0	1459.0	2.9452124004650884	169.08445985561653
3307.0	11687.0	11688.0	1459.0	2.8054308542019366	150.67171793081755
3310.0	11687.0	11688.0	1459.0	2.931822842003902	175.16807085936358
3313.0	11683.0	11684.0	1439.0	2.8888633043761804	168.8225763405884
3314.0	11687.0	11688.0	1459.0	2.757829380349408	163.45176041564997
3317.0	11687.0	11688.0	1459.0	2.996408486150448	162.57795328969328
3318.0	11687.0	11688.0	1459.0	2.7957514050916914	154.7153886414766
3322.0	11687.0	11688.0	1459.0	2.777114568997533	150.55793570089804
3324.0	11687.0	11688.0	1459.0	2.9269774014666443	173.8663874517372
3326.0	11687.0	11688.0	1459.0	2.9864318179879374	158.94765736053625
3327.0	11687.0	11688.0	1459.0	2.987060429227072	173.13212062888744
3328.0	11687.0	11688.0	1459.0	2.9901382013493256	171.056142995693
3333.0	11652.0	11653.0	10780.0	2.6983569292571024	152.99600296148284
3333.0	11687.0	11688.0	1459.0	2.728989619963599	151.86706415265547
3334.0	11687.0	11688.0	1459.0	2.9345054426621227	165.50026323695235
3335.0	11687.0	11688.0	1459.0	2.946915963471197	172.91735368793883
3337.0	11687.0	11688.0	1459.0	2.965107357487158	168.77623210401768
3339.0	11687.0	11688.0	1459.0	2.906513657260534	168.1401994118768
3350.0	11652.0	11654.0	11230.0	2.7904417802574573	154.48766773351488
3350.0	11687.0	11688.0	1459.0	2.8104565146611677	165.88983913447757
3351.0	11652.0	11655.0	11230.0	2.7209299665639604	151.1287847377996
3352.0	11687.0	11688.0	1459.0	2.9170629663338397	171.1931699895357
3353.0	11687.0	11688.0	1459.0	2.8040996921359715	171.16649967045288
3355.0	11687.0	11688.0	1459.0	2.8867745257501163	177.44375804082125
3356.0	11687.0	11688.0	1459.0	2.988643936999172	173.50692174942088
3359.0	11687.0	11688.0	1459.0	2.9291996036316426	172.8275946406832
3361.0	11687.0	11688.0	1459.0	2.911855814512067	171.4496061707311
3363.0	11687.0	11688.0	1459.0	2.9619560495010457	162.1508240476078
3372.0	11687.0	11688.0	1459.0	2.933339865604232	150.52500654426515
3377.0	11687.0	11688.0	1459.0	2.9481505524439	161.31467493856766
3379.0	11687.0	11688.0	1459.0	2.9452108824660055	176.7253117926405
3391.0	11680.0	11682.0	1387.0	2.9198724024516256	152.38189219892254
3453.0	11652.0	11655.0	8341.0	2.8332041918518556	150.71360423589684
3455.0	11652.0	11653.0	8341.0	2.7439093480152086	152.29270577904737
3461.0	11652.0	11655.0	8341.0	2.7668607228919617	166.79289145950773
3471.0	11652.0	11655.0	8341.0	2.9846429303358137	150.42145401960445
3483.0	11652.0	11654.0	8341.0	2.8377058946891687	162.96279295191067
3703.0	11660.0	11661.0	8827.0	2.9663155811354085	177.58953684705244
3807.0	11667.0	11669.0	1470.0	2.951577602805511	161.60146561592737
3838.0	11652.0	11653.0	2786.0	2.699758342923074	150.99280122426342
3847.0	11680.0	11682.0	9548.0	2.9979599466413127	156.81313844086478
3907.0	11667.0	11668.0	11251.0	2.739931056762333	152.03651249838163
3925.0	11667.0	11670.0	11251.0	2.9200815909583184	150.74531171246616
3939.0	11667.0	11669.0	11251.0	2.8937910692095783	162.7947306918251
3953.0	11652.0	11654.0	11229.0	2.9677092268020275	164.13762857385487
3955.0	11674.0	11676.0	11282.0	2.988579939678691	150.96677882631923
4085.0	11652.0	11655.0	343.0	2.794499583433645	155.21577494200727
4159.0	11652.0	11653.0	11275.0	2.8036617272036453	157.1665829334237
4165.0	11652.0	11654.0	11256.0	2.729737201447387	163.22862814537805
4168.0	11652.0	11654.0	11256.0	2.7990547158674306	150.14575184160876
4170.0	11652.0	11655.0	11256.0	2.948740012300325	151.48445710722245
4174.0	11652.0	11654.0	11256.0	2.8662770993288884	157.5599156305813
4177.0	11652.0	11654.0	11256.0	2.810865015241762	152.1743700575976
4180.0	11652.0	11653.0	11256.0	2.738748536586395	158.74954745265998
4181.0	11652.0	11655.0	11256.0	2.882436329314371	164.91656399139447
4183.0	11652.0	11655.0	11256.0	2.973503219770965	153.72880407493307
4183.0	11677.0	11678.0	167.0	2.995726221416664	170.9950612236648
4188.0	11652.0	11655.0	11256.0	2.8157242290660394	150.11862713133135
4190.0	11652.0	11653.0	11256.0	2.86984583268239	155.2802816897872
4193.0	11652.0	11653.0	11256.0	2.971307401849169	165.35825273252365
4194.0	11652.0	11655.0	11256.0	2.9993647286195473	157.97933144451582
4195.0	11652.0	11655.0	11256.0	2.8670414233354045	156.6706146218218
4204.0	11652.0	11653.0	11256.0	2.9213131690448177	154.04015001323722
4205.0	11652.0	11653.0	11256.0	2.947735176937162	154.28917094769295
4206.0	11652.0	11654.0	11256.0	2.8072452804428734	160.5282039061962
4207.0	11652.0	11653.0	11256.0	2.9363090892063015	154.64510389599613
4209.0	11652.0	11654.0	11256.0	2.816297093862172	161.73545135200823
4210.0	11652.0	11655.0	11256.0	2.9415719152698956	157.9613258596258
4213.0	11652.0	11655.0	11256.0	2.865019076754891	150.3289788635694
4214.0	11652.0	11655.0	11256.0	2.7973146794778403	153.02861901098507
4215.0	11652.0	11654.0	11256.0	2.896776202216138	153.92923705254327
4224.0	11652.0	11655.0	11256.0	2.809503853832498	158.90187631111812
4227.0	11652.0	11655.0	11256.0	2.75720936299213	155.78118208637372
4228.0	11652.0	11655.0	11256.0	2.806137723536267	157.9435457141651
4229.0	11677.0	11678.0	167.0	2.998228989521801	169.77926738120573
4236.0	11652.0	11653.0	11256.0	2.9618767837244877	164.14527813567366
4237.0	11652.0	11654.0	11256.0	2.932300118380108	154.16236167300124
4239.0	11652.0	11653.0	11256.0	2.892936450302545	172.49004332945316
4244.0	11652.0	11655.0	11256.0	2.8985093705855363	152.8150236105367
4255.0	11652.0	11654.0	11256.0	2.8913574466676986	151.83252828822756
4261.0	11652.0	11654.0	11256.0	2.8653899335400674	154.35709333712174
4270.0	11652.0	11655.0	11256.0	2.920786498671639	154.83057620179272
4271.0	11652.0	11654.0	11256.0	2.850411649152845	155.99226013673575
4275.0	11652.0	11654.0	11256.0	2.8895357921172398	154.52705041790253
4284.0	11652.0	11654.0	11256.0	2.8552483998754576	169.42459006432367
4285.0	11652.0	11653.0	11256.0	2.689298542310141	163.82347353765374
4286.0	11652.0	11655.0	11256.0	2.6788113895456784	151.2349011059741
4287.0	11652.0	11655.0	11256.0	2.7150419087145203	161.2574169203526
4288.0	11652.0	11653.0	11256.0	2.8800624623101223	167.43628603438273
4300.0	11652.0	11653.0	11256.0	2.934178226945529	150.64125981161303
4308.0	11652.0	11655.0	11256.0	2.80504917489106	156.95217846655837
4313.0	11652.0	11653.0	11256.0	2.751008447301022	167.70660026167482
4316.0	11652.0	11654.0	11256.0	2.936086311793683	154.44345262379142
4320.0	11652.0	11655.0	11256.0	2.865834794578926	156.64356321935853
4323.0	11652.0	11653.0	11256.0	2.6479136500713287	152.01347435926598
4326.0	11652.0	11654.0	11256.0	2.9663037514481494	176.71270022687543
4328.0	11652.0	11653.0	11256.0	2.814612236373577	152.80042118726433
4330.0	11652.0	11654.0	11256.0	2.7961559965487757	152.61981166742763
4336.0	11652.0	11654.0	11256.0	2.8745766900457435	168.46535500324703
4337.0	11652.0	11653.0	11256.0	2.983463394795623	174.84007054975513
4341.0	11652.0	11654.0	11256.0	2.7992046525549377	155.50803503466506
4351.0	11652.0	11655.0	11256.0	2.931145448650295	164.11497360341372
4353.0	11652.0	11655.0	11256.0	2.917802488861223	165.18166436284199
4359.0	11652.0	11653.0	11256.0	2.8870941311067337	154.16352140900975
4364.0	11652.0	11653.0	11256.0	2.8310922340548665	151.48590974745358
4365.0	11652.0	11653.0	11256.0	2.875628840063309	150.10336736206744
4370.0	11652.0	11654.0	11256.0	2.8817639227073166	151.10994910066603
4377.0	11652.0	11653.0	11256.0	2.785895284650169	152.65169566203062
4378.0	11652.0	11655.0	11256.0	2.784902367136313	150.12939638932212
4384.0	11652.0	11653.0	11256.0	2.718012227271089	156.33633779523956
4386.0	11652.0	11654.0	11256.0	2.7859863189577707	158.2746563839544
4391.0	11652.0	11654.0	11256.0	2.83940155470078	153.7920136758699
4394.0	11652.0	11655.0	11256.0	2.9699978378428638	157.96445891467263
4395.0	11652.0	11654.0	11256.0	2.932268632174473	150.63387754111588
4400.0	11652.0	11654.0	11256.0	2.8363673458021577	158.54054181526172
4401.0	11652.0	11653.0	11256.0	2.7789680279588467	153.45037050908854
4403.0	11652.0	11654.0	11256.0	2.983313294476528	157.04637889372842
4404.0	11652.0	11655.0	11256.0	2.985545580599059	157.84527553092002
4406.0	11652.0	11654.0	11256.0	2.8777292839854574	154.9814759659495
4408.0	11652.0	11654.0	11256.0	2.7813276879527336	155.78630658742284
4409.0	11652.0	11653.0	11256.0	2.82178556342637	171.54356163158837
4414.0	11652.0	11654.0	11256.0	2.670507838142165	155.34502172125312
4417.0	11652.0	11653.0	11256.0	2.740269893687564	155.5298765546942
4419.0	11652.0	11653.0	11256.0	2.829673892284167	158.5610588992057
4421.0	11652.0	11653.0	11256.0	2.9221896089788446	157.04102095048333
4422.0	11652.0	11655.0	11256.0	2.8880181817613604	161.97215200959712
4434.0	11652.0	11654.0	11256.0	2.8483560097632883	153.2297711909331
4435.0	11652.0	11653.0	11256.0	2.934079672434788	154.8208261040039
4440.0	11652.0	11655.0	11256.0	2.8654092024899107	153.04923718415404
4441.0	11652.0	11655.0	11256.0	2.9941189054417525	154.20181418571408
4444.0	11652.0	11653.0	11256.0	2.9961398178994694	165.0625328929132
4445.0	11652.0	11654.0	11256.0	2.9531609566975967	153.26136564165412
4446.0	11652.0	11653.0	11256.0	2.835188326802288	155.13011762009347
4448.0	11652.0	11654.0	11256.0	2.7699789572342857	156.75065102853128
4453.0	11652.0	11655.0	11256.0	2.9420842014978543	151.7296702914876
4459.0	11652.0	11654.0	11256.0	2.903418268296955	165.2855463636976
4461.0	11652.0	11653.0	11256.0	2.8080431526435587	152.8582230211614
4464.0	11652.0	11655.0	11256.0	2.979515948137676	152.15282995973197
4465.0	11652.0	11655.0	11256.0	2.7951621769900514	165.96197626471687
4466.0	11652.0	11655.0	11256.0	2.9618863786980874	150.7361905632048
4469.0	11652.0	11654.0	11256.0	2.807553272116492	156.5661490366943
4471.0	11652.0	11655.0	11256.0	2.745786855998097	168.7409110588404
4473.0	11652.0	11653.0	11256.0	2.944843453899657	150.966090151813
4477.0	11652.0	11655.0	11256.0	2.8814004995329254	154.20653939585725
4479.0	11652.0	11653.0	11256.0	2.837547443872969	156.15196325996297
4481.0	11652.0	11654.0	11256.0	2.7157335899318142	150.84282760832426
4487.0	11652.0	11654.0	11256.0	2.782312352296537	161.30011265013576
4488.0	11652.0	11655.0	11256.0	2.8809417579054197	158.7937045929679
4490.0	11652.0	11654.0	11256.0	2.783952631441656	162.21511643759854
4491.0	11652.0	11654.0	11256.0	2.8755924080547484	165.25440289554035
4494.0	11652.0	11654.0	11256.0	2.891880403540852	153.12185815709506
4495.0	11652.0	11654.0	11256.0	2.905657053901332	167.9277920356469
4498.0	11652.0	11654.0	11256.0	2.9763865204373725	174.76919323995924
4501.0	11652.0	11653.0	11256.0	2.993592914347092	155.91961108402032
4502.0	11652.0	11653.0	11256.0	2.810773784008124	151.1663188986343
4504.0	11652.0	11653.0	11256.0	2.922613042688797	173.06324892636013
4506.0	11652.0	11653.0	11256.0	2.9915262161481113	152.3438991977084
4508.0	11652.0	11655.0	11256.0	2.9513198216321954	171.33723152018257
4512.0	11652.0	11653.0	11256.0	2.661769528131712	151.7058382332715
4514.0	11652.0	11655.0	11256.0	2.858225989611177	162.62616343282332
4515.0	11652.0	11653.0	11256.0	2.8132577270727053	152.7193118138515
4516.0	11652.0	11653.0	11256.0	2.8070605269776254	152.79603192252566
4518.0	11652.0	11653.0	11256.0	2.831275807409684	153.4018492804287
4519.0	11652.0	11654.0	11256.0	2.928713622374118	150.14684636483415
4521.0	11652.0	11655.0	11256.0	2.9656113621372224	150.73293193372044
4522.0	11652.0	11655.0	11256.0	2.8221016839025403	156.26460836426918
4526.0	11652.0	11654.0	11256.0	2.700610230605648	166.5592208911099
4529.0	11652.0	11655.0	11256.0	2.7982788544143244	156.56786378782957
4531.0	11652.0	11654.0	11256.0	2.97200284776704	170.35741000804597
4532.0	11652.0	11655.0	11256.0	2.811299865834686	158.42944288417684
4533.0	11652.0	11654.0	11275.0	2.8063068324374636	155.21733910023957
4537.0	11652.0	11655.0	11275.0	2.8656424623346717	154.99092345913317
4538.0	11652.0	11654.0	11256.0	2.8101878383731034	155.11148701260387
4540.0	11652.0	11655.0	11256.0	2.7946406428176203	155.8292143203243
4550.0	11652.0	11653.0	11256.0	2.817224453092457	166.43065358367966
4556.0	11652.0	11653.0	11256.0	2.8350896943986674	156.73243098806057
4561.0	11652.0	11655.0	11256.0	2.9430320708521625	151.9423812318703
4562.0	11652.0	11653.0	11256.0	2.8199959006963993	155.14166125169993
4567.0	11652.0	11653.0	11256.0	2.8774408065673334	158.73485737087697
4570.0	11652.0	11653.0	11256.0	2.840513027875307	161.80755637315008
4573.0	11652.0	11654.0	11256.0	2.9461110077410706	159.0293219762277
4574.0	11652.0	11655.0	11256.0	2.8223350859751557	154.72039463621516
4577.0	11652.0	11655.0	11256.0	2.8475644972228507	154.80672452615738
4580.0	11652.0	11654.0	11256.0	2.9396881233647556	153.7677396977739
4587.0	11652.0	11653.0	11256.0	2.7480915355518865	157.8561325572627
4588.0	11652.0	11655.0	11256.0	2.966038030019658	162.64648264678968
4589.0	11652.0	11654.0	11256.0	2.855056448046329	150.57909894110355
4591.0	11652.0	11654.0	11256.0	2.8969850737838327	161.06472466592294
4595.0	11652.0	11653.0	11256.0	2.8537918806075404	151.79781375577537
4598.0	11652.0	11654.0	11256.0	2.762137482727683	159.59398018883414
4604.0	11652.0	11653.0	11256.0	2.9364520226803155	163.33136038223373
4605.0	11652.0	11654.0	11256.0	2.8217867161039187	152.63001725708693
4614.0	11652.0	11653.0	11256.0	2.7704450062175123	151.9780610854295
4616.0	11652.0	11653.0	11256.0	2.8456487939220643	157.23077368201618
4619.0	11652.0	11653.0	11256.0	2.7492265400558527	156.78998185982886
4620.0	11652.0	11654.0	11256.0	2.7945201364514367	153.5825507765976
4621.0	11652.0	11654.0	11256.0	2.7499915461715765	163.73517126577298
4622.0	11652.0	11654.0	11256.0	2.8549502516276655	151.4532618524374
4624.0	11652.0	11655.0	11256.0	2.870702371312287	153.00806262367857
4632.0	11652.0	11654.0	11256.0	2.9079865077516076	162.23932291216911
4633.0	11652.0	11654.0	11256.0	2.6606099484389265	156.13602396258048
4634.0	11652.0	11654.0	11256.0	2.7571491525827243	157.48040319995198
4638.0	11652.0	11653.0	11256.0	2.9668709682625467	167.51510831755516
4643.0	11652.0	11655.0	11256.0	2.8312713554267526	150.98440190961995
4647.0	11652.0	11653.0	11256.0	2.771951426159263	157.6346124963231
4651.0	11652.0	11654.0	11256.0	2.9931349321493324	156.8522049967524
4652.0	11652.0	11654.0	11256.0	2.9459880303599317	158.68230247276304
4653.0	11652.0	11653.0	11256.0	2.780298041948253	161.0278316912816
4656.0	11652.0	11653.0	11256.0	2.884863471167389	152.71202159665555
4658.0	11652.0	11653.0	11256.0	2.7998625478069976	159.83797729284368
4659.0	11652.0	11653.0	11256.0	2.831880386564778	171.40424828861427
4661.0	11652.0	11654.0	11256.0	2.918859460570263	163.1872071018213
4665.0	11652.0	11654.0	11256.0	2.889795753511625	172.44543023790976
4666.0	11652.0	11654.0	11256.0	2.660612488703731	158.42307029779263
4667.0	11652.0	11654.0	11256.0	2.743739972823696	152.1898307781468
4669.0	11652.0	11653.0	11256.0	2.9837592438357583	154.15180266447604
4671.0	11652.0	11654.0	11256.0	2.8568210504949096	157.66420560655413
4676.0	11652.0	11655.0	11256.0	2.7432055040535666	150.6589285792663
4678.0	11652.0	11653.0	11256.0	2.6502492673685447	162.4051487428545
4679.0	11652.0	11654.0	11256.0	2.892743587279747	177.77240910487632
4680.0	11652.0	11655.0	11256.0	2.799599371342176	155.3894260932322
4681.0	11652.0	11653.0	11256.0	2.944251813839464	162.21397842210754
4690.0	11652.0	11654.0	11256.0	2.7500777019836016	151.20925421087495
4694.0	11652.0	11654.0	11256.0	2.9320647806342817	151.08360068530575
4696.0	11652.0	11653.0	11256.0	2.971020937987232	162.5379307516669
4697.0	11652.0	11655.0	11256.0	2.7418963976886923	159.40389143378616
4698.0	11652.0	11655.0	11256.0	2.7091589106730796	154.49084852359871
4700.0	11652.0	11655.0	11256.0	2.8595963780997935	172.47514797888644
4701.0	11652.0	11655.0	11256.0	2.903010253755472	161.9799215618788
4703.0	11652.0	11653.0	11256.0	2.9626249132975513	154.39150186584828
4704.0	11652.0	11653.0	11256.0	2.858018897484418	163.38533828237178
4706.0	11652.0	11654.0	11256.0	2.992725652434731	162.53450241642238
4709.0	11652.0	11654.0	11256.0	2.8326994200804965	158.14635746609358
4711.0	11652.0	11653.0	11256.0	2.956305061997493	156.85600283069996
4714.0	11652.0	11653.0	11256.0	2.9037484032349803	152.10626051390364
4715.0	11652.0	11655.0	11256.0	2.757076176424782	157.37819385754915
4716.0	11652.0	11655.0	11256.0	2.806262989904466	167.01989745617342
4718.0	11652.0	11653.0	11256.0	2.999172230960068	158.36142742385923
4719.0	11652.0	11655.0	11256.0	2.9881776166019707	167.3033989140381
4723.0	11652.0	11654.0	11256.0	2.7036846889589503	150.51694859575994
4727.0	11652.0	11653.0	11256.0	2.6919466645976406	152.5296624760481
4729.0	11652.0	11655.0	11256.0	2.7800497786510636	150.45082526099497
4732.0	11652.0	11654.0	11256.0	2.8576223288903497	159.8908562085915
4734.0	11652.0	11654.0	11256.0	2.8994734043317747	158.10937382986805
4736.0	11652.0	11655.0	11256.0	2.7860068026299123	168.2305313110003
4737.0	11652.0	11654.0	11256.0	2.8020913757158343	168.88145888724452
4739.0	11652.0	11654.0	11256.0	2.7738192100560473	156.41820833141387
4740.0	11652.0	11654.0	11256.0	2.6668692725738348	151.79000605915866
4743.0	11652.0	11655.0	11256.0	2.9069913664675235	151.2032114344912
4750.0	11652.0	11655.0	11256.0	2.81026415438443	152.6633081601065
4751.0	11652.0	11655.0	11256.0	2.8264687964506825	172.75040588456056
4752.0	11652.0	11654.0	11256.0	2.636036895742106	156.61253431948452
4754.0	11652.0	11655.0	11256.0	2.78930281302142	160.77543572737395
4756.0	11652.0	11655.0	11256.0	2.7945886942838305	162.11025935984495
4757.0	11652.0	11654.0	11256.0	2.704647196220953	162.3928808064912
4758.0	11652.0	11653.0	11256.0	2.821407813752736	160.8534676971568
4764.0	11652.0	11653.0	11256.0	2.9203462792169756	169.5726556430048
4768.0	11652.0	11653.0	11256.0	2.7810915261439844	156.08739037712647
4771.0	11652.0	11654.0	11256.0	2.7590657235381872	150.01350121373346
4776.0	11652.0	11653.0	11256.0	2.8431622766369067	156.48116646223033
4780.0	11652.0	11653.0	11256.0	2.7543075903459484	151.8755432220105
4782.0	11652.0	11653.0	11256.0	2.8043777303757733	171.7387671273873
4785.0	11652.0	11655.0	11256.0	2.9890557074082693	160.95846062971066
4787.0	11652.0	11655.0	11256.0	2.90863534800979	168.76684985426627
4788.0	11652.0	11655.0	11256.0	2.8622510345788865	154.7850828058087
4788.0	11664.0	11665.0	11416.0	2.793691237005878	158.204257744711
4791.0	11652.0	11655.0	11256.0	2.9673129056630083	161.2848606989192
4795.0	11652.0	11655.0	11256.0	2.8276279956698596	162.9484542507102
4796.0	11652.0	11654.0	11256.0	2.9966438829625783	162.9451800001221
4798.0	11652.0	11654.0	11256.0	2.919377510987715	161.09662512711475
4801.0	11652.0	11655.0	11256.0	2.8400959698045796	171.19035460690262
4802.0	11652.0	11653.0	11256.0	2.8038387781740286	155.11449813386844
4803.0	11652.0	11653.0	11256.0	2.949134257373286	154.18036234431963
4807.0	11652.0	11654.0	11256.0	2.9920101287264003	155.51107298823294
4810.0	11652.0	11654.0	11256.0	2.9325256138720857	159.24070941037465
4814.0	11652.0	11654.0	11256.0	2.8471547553503957	153.5420611809854
4817.0	11652.0	11653.0	11256.0	2.9391289717886733	167.44013297780083
4821.0	11652.0	11653.0	11256.0	2.773147769216362	153.77132824709943
4824.0	11652.0	11654.0	11256.0	2.8715911163324765	156.50327826500646
4826.0	11652.0	11655.0	11256.0	2.9639750540911587	151.79154041205777
4827.0	11652.0	11653.0	11256.0	2.8545447786757827	168.15776791556002
4831.0	11667.0	11668.0	11416.0	2.9912138412596074	150.96524501998655
4839.0	11652.0	11653.0	11256.0	2.9555085500562805	165.26131343219265
4839.0	11674.0	11676.0	11279.0	2.9847312224928397	166.0103012864456
4847.0	11652.0	11654.0	11256.0	2.8551111799396702	164.0052858793762
4849.0	11652.0	11655.0	11256.0	2.8343984091426275	158.28935556702518
4850.0	11652.0	11653.0	11256.0	2.758866894266147	155.58333579494402
4853.0	11652.0	11654.0	11256.0	2.9829238575453747	152.0617758652371
4854.0	11652.0	11655.0	11256.0	2.843647024991617	168.7288223726262
4856.0	11652.0	11655.0	11256.0	2.791833978382661	162.73891678346556
4857.0	11652.0	11653.0	11256.0	2.9398655204798603	155.89995813014028
4858.0	11652.0	11655.0	11256.0	2.7691225207027164	153.08079582794187
4862.0	11652.0	11655.0	11256.0	2.789101160614767	172.4393300985211
4863.0	11652.0	11654.0	11256.0	2.93569269159454	150.02539290105253
4864.0	11652.0	11655.0	11256.0	2.9841004812892837	151.58333248156205
4865.0	11652.0	11653.0	11256.0	2.816316743957335	158.56422304249222
4867.0	11652.0	11653.0	11256.0	2.692686210469486	152.12171523036412
4871.0	11652.0	11653.0	11256.0	2.805996368124107	163.2392404450262
4873.0	11652.0	11654.0	11256.0	2.9240970555206616	162.54715620792797
4876.0	11652.0	11654.0	11256.0	2.747800747840309	152.05602619457804
4879.0	11652.0	11655.0	11256.0	2.6346487451200566	153.60748720878493
4880.0	11652.0	11653.0	11256.0	2.731991870704282	157.83557473875314
4884.0	11652.0	11654.0	11256.0	2.7981371696023025	152.8191605355728
4897.0	11652.0	11654.0	11256.0	2.9011434779722656	158.30969835008418
4899.0	11652.0	11653.0	11256.0	2.702962785097873	151.28775742943085
4900.0	11652.0	11655.0	11256.0	2.6758600833266417	153.74126015634442
4901.0	11652.0	11653.0	11256.0	2.8045894315132807	164.78997489810104
4903.0	11652.0	11654.0	11256.0	2.811292112083173	154.54801951572244
4904.0	11652.0	11654.0	11256.0	2.856244945442376	160.84454917706196
4905.0	11652.0	11654.0	11256.0	2.7814646563926657	157.74878622048865
4907.0	11652.0	11653.0	11256.0	2.8995810988127317	158.9815899811523
4910.0	11652.0	11654.0	11256.0	2.9903874435818	157.82032208140174
4915.0	11652.0	11653.0	11256.0	2.769051810419101	157.27714849689713
4917.0	11652.0	11654.0	11256.0	2.9755826377547394	155.37456411885802
4921.0	11652.0	11653.0	11256.0	2.74990560531808	152.77091977623996
4922.0	11652.0	11655.0	11256.0	2.8191894395832855	163.09107842122089
4927.0	11652.0	11655.0	11256.0	2.6880035823684056	166.38764078933576
4932.0	11652.0	11653.0	11256.0	2.7520299729961035	151.18115385693312
4933.0	11652.0	11655.0	11256.0	2.7174418465710373	166.69192150952122
4934.0	11652.0	11654.0	11256.0	2.737664690734412	153.98048289391363
4938.0	11652.0	11653.0	11256.0	2.8571531248695208	153.62201736790183
4940.0	11652.0	11655.0	11256.0	2.84353880969055	163.57858387073728
4941.0	11652.0	11653.0	11256.0	2.7141040369805194	151.9410357994641
4944.0	11652.0	11654.0	11256.0	2.7404278193666656	160.18455907743
4945.0	11652.0	11655.0	11256.0	2.615465385225144	159.68518639684547
4946.0	11652.0	11655.0	11256.0	2.8686601642390444	155.38901993175955
4947.0	11652.0	11653.0	11256.0	2.908589488388953	159.82590618906045
4950.0	11652.0	11654.0	11256.0	2.944323243642938	155.72062039528225
4951.0	11652.0	11654.0	11256.0	2.9659644696947867	154.84727577471935
4952.0	11652.0	11653.0	11256.0	2.8320895009842992	154.6754732345786
4953.0	11652.0	11655.0	11256.0	2.941492444813824	162.6564407180602
4954.0	11652.0	11654.0	11256.0	2.855274805170757	154.1936268340701
4955.0	11652.0	11654.0	11256.0	2.991005150953025	156.14419849271601
4959.0	11652.0	11655.0	11256.0	2.8083169085190116	156.93781016780335
4960.0	11652.0	11653.0	11256.0	2.7591200415565327	156.48739474748535
4961.0	11652.0	11655.0	11256.0	2.7981471144281573	157.21275172498042
4966.0	11652.0	11654.0	11256.0	2.7585668752797794	158.6346439438242
4967.0	11652.0	11655.0	11256.0	2.9853475944825276	167.63650438136844
4975.0	11652.0	11654.0	11256.0	2.897533977986541	157.13094845142044
4978.0	11652.0	11653.0	11256.0	2.7779351002717023	163.13497149056136
4984.0	11652.0	11654.0	11256.0	2.8989097775695334	151.31664431610275
4987.0	11652.0	11655.0	11256.0	2.7280822464479355	161.54559336327026
4988.0	11652.0	11654.0	11256.0	2.8772548306081434	151.11679377729394
4990.0	11652.0	11655.0	11275.0	2.8112098417215226	154.19949735395946
4996.0	11652.0	11653.0	11256.0	2.924050478189896	172.85503983890652
4997.0	11652.0	11653.0	11256.0	2.84133054825607	150.8065088971465
